1,1,2023-07-12
2,2,2023-11-03
3,3,2025-02-22
4,4,2025-10-04
5,5,2025-01-24
6,6,2025-07-08
7,7,2024-10-28
8,8,2023-06-23
9,9,2023-04-01
10,10,2023-11-14
11,11,2023-02-13
12,12,2025-05-01
13,13,2023-04-13
14,14,2023-06-23
15,15,2025-05-09
16,16,2023-06-09
17,17,2024-05-30
18,18,2023-04-24
19,19,2023-07-29
20,20,2024-02-27
21,21,2025-08-06
22,22,2023-10-24
23,23,2025-07-12
24,24,2025-02-14
25,25,2023-03-01
26,26,2025-09-06
27,27,2023-11-04
28,28,2023-09-09
29,29,2024-01-02
30,30,2023-02-13
31,31,2023-07-18
32,32,2023-03-24
33,33,2025-04-03
34,34,2023-10-13
35,35,2023-01-30
36,36,2023-01-28
37,37,2024-09-02
38,38,2024-09-27
39,39,2023-03-08
40,40,2025-05-18
41,41,2024-05-12
42,42,2023-05-25
43,43,2024-07-03
44,44,2025-05-21
45,45,2023-04-15
46,46,2023-07-14
47,47,2023-08-16
48,48,2024-06-29
49,49,2025-03-06
50,50,2024-01-14
51,51,2025-03-06
52,52,2023-04-19
53,53,2024-02-17
54,54,2024-04-04
55,55,2023-07-16
56,56,2024-12-05
57,57,2025-04-05
58,58,2025-01-06
59,59,2025-02-06
60,60,2023-06-30
61,61,2025-03-23
62,62,2023-07-21
63,63,2025-09-24
64,64,2024-08-07
65,65,2025-06-10
66,66,2025-09-05
67,67,2023-05-22
68,68,2024-09-21
69,69,2025-06-22
70,70,2024-07-04
71,71,2024-10-09
72,72,2023-05-14
73,73,2023-09-12
74,74,2024-05-19
75,75,2023-10-22
76,76,2025-04-23
77,77,2023-10-16
78,78,2025-05-11
79,79,2024-06-09
80,80,2023-07-12
81,81,2025-02-07
82,82,2025-06-25
83,83,2024-08-30
84,84,2024-04-06
85,85,2023-09-25
86,86,2025-05-28
87,87,2023-11-09
88,88,2023-12-19
89,89,2025-01-22
90,90,2023-05-03
91,91,2024-04-25
92,92,2025-08-07
93,93,2025-06-28
94,94,2023-08-23
95,95,2024-07-10
96,96,2024-12-28
97,97,2023-04-26
98,98,2023-04-06
99,99,2025-01-28
100,100,2025-02-22
101,101,2025-03-15
102,102,2025-03-20
103,103,2025-06-24
104,104,2025-04-06
105,105,2025-05-05
106,106,2025-06-04
107,107,2025-07-31
108,108,2025-05-29
109,109,2025-09-19
110,110,2025-03-26
111,111,2025-08-02
112,112,2025-08-21
113,113,2025-08-24
114,114,2025-01-07
115,115,2025-06-07
116,116,2025-07-11
117,117,2025-10-06
118,118,2025-07-12
119,119,2025-08-14
120,120,2025-05-09
121,121,2025-02-09
122,122,2025-08-20
123,123,2025-06-11
124,124,2025-03-28
125,125,2025-06-10
126,126,2025-06-16
127,127,2025-02-07
128,128,2025-02-13
129,129,2025-02-13
130,130,2025-01-31
131,131,2025-01-07
132,132,2025-07-20
133,133,2025-06-25
134,134,2025-02-20
135,135,2025-05-22
136,136,2025-01-14
137,137,2025-07-25
138,138,2025-05-02
139,139,2025-09-28
140,140,2025-09-23
141,141,2025-08-22
142,142,2025-02-05
143,143,2025-09-03
144,144,2025-09-08
145,145,2025-04-30
146,146,2025-06-30
147,147,2025-04-03
148,148,2025-04-21
149,149,2025-06-17
150,150,2025-06-05
151,151,2025-01-22
152,152,2025-04-15
153,153,2025-05-19
154,154,2025-04-13
155,155,2025-03-14
156,156,2025-03-22
157,157,2025-06-02
158,158,2025-04-24
159,159,2025-03-26
160,160,2025-08-19
161,161,2025-09-27
162,162,2025-06-02
163,163,2025-05-05
164,164,2025-04-28
165,165,2025-06-13
166,166,2025-04-28
167,167,2025-05-29
168,168,2025-10-02
169,169,2025-07-21
170,170,2025-03-16
171,171,2025-02-09
172,172,2025-04-20
173,173,2025-09-25
174,174,2025-02-03
175,175,2025-10-06
176,176,2025-03-03
177,177,2025-03-23
178,178,2025-03-26
179,179,2025-04-28
180,180,2025-08-22
181,181,2025-07-03
182,182,2025-05-31
183,183,2025-04-09
184,184,2025-04-03
185,185,2025-06-22
186,186,2025-05-25
187,187,2025-08-08
188,188,2025-06-06
189,189,2025-04-21
190,190,2025-03-25
191,191,2025-03-16
192,192,2025-05-27
193,193,2025-03-20
194,194,2025-02-08
195,195,2025-07-12
196,196,2025-03-12
197,197,2025-02-07
198,198,2025-06-21
199,199,2025-01-22
200,200,2025-05-28
201,201,2025-06-05
202,202,2025-04-11
203,203,2025-05-03
204,204,2025-05-28
205,205,2025-07-08
206,206,2025-09-16
207,207,2025-09-10
208,208,2025-05-26
209,209,2025-02-26
210,210,2025-07-18
211,211,2025-07-14
212,212,2025-07-20
213,213,2025-04-12
214,214,2025-01-02
215,215,2025-03-12
216,216,2025-04-28
217,217,2025-07-04
218,218,2025-08-05
219,219,2025-02-13
220,220,2025-05-31
221,221,2025-05-03
222,222,2025-07-13
223,223,2025-04-07
224,224,2025-09-15
225,225,2025-07-29
226,226,2025-07-26
227,227,2025-02-28
228,228,2025-07-16
229,229,2025-08-04
230,230,2025-06-21
231,231,2025-06-11
232,232,2025-02-12
233,233,2025-05-21
234,234,2025-08-10
235,235,2025-07-08
236,236,2025-05-17
237,237,2025-08-01
238,238,2025-01-01
239,239,2025-01-11
240,240,2025-08-07
241,241,2025-06-20
242,242,2025-08-11
243,243,2025-10-07
244,244,2025-01-08
245,245,2025-01-11
246,246,2025-09-21
247,247,2025-08-26
248,248,2025-07-28
249,249,2025-03-02
250,250,2025-01-23
251,251,2025-08-11
252,252,2025-03-08
253,253,2025-09-02
254,254,2025-09-08
255,255,2025-08-07
256,256,2025-05-22
257,257,2025-07-24
258,258,2025-01-05
259,259,2025-01-09
260,260,2025-04-14
261,261,2025-01-01
262,262,2025-01-06
263,263,2025-06-23
264,264,2025-06-21
265,265,2025-09-11
266,266,2025-09-03
267,267,2025-06-28
268,268,2025-06-21
269,269,2025-05-25
270,270,2025-09-07
271,271,2025-05-17
272,272,2025-03-16
273,273,2025-02-01
274,274,2025-08-22
275,275,2025-07-04
276,276,2025-06-16
277,277,2025-02-14
278,278,2025-10-01
279,279,2025-06-30
280,280,2025-04-04
281,281,2025-01-04
282,282,2025-01-20
283,283,2025-09-12
284,284,2025-06-27
285,285,2025-05-14
286,286,2025-09-19
287,287,2025-04-16
288,288,2025-10-04
289,289,2025-07-18
290,290,2025-07-01
291,291,2025-07-24
292,292,2025-05-12
293,293,2025-04-29
294,294,2025-07-23
295,295,2025-03-30
296,296,2025-06-23
297,297,2025-02-20
298,298,2025-07-21
299,299,2025-07-30
300,300,2025-03-17
301,301,2025-02-22
302,302,2025-05-04
303,303,2025-05-24
304,304,2025-02-01
305,305,2025-04-04
306,306,2025-06-14
307,307,2025-01-09
308,308,2025-09-05
309,309,2025-05-11
310,310,2025-03-30
311,311,2025-05-20
312,312,2025-06-04
313,313,2025-07-01
314,314,2025-08-04
315,315,2025-07-13
316,316,2025-09-24
317,317,2025-08-31
318,318,2025-04-20
319,319,2025-07-04
320,320,2025-08-26
321,321,2025-08-03
322,322,2025-09-02
323,323,2025-08-29
324,324,2025-04-14
325,325,2025-08-23
326,326,2025-02-14
327,327,2025-05-26
328,328,2025-04-07
329,329,2025-01-15
330,330,2025-04-03
331,331,2025-01-14
332,332,2025-05-31
333,333,2025-02-18
334,334,2025-04-14
335,335,2025-07-09
336,336,2025-04-03
337,337,2025-06-30
338,338,2025-06-19
339,339,2025-02-28
340,340,2025-03-09
341,341,2025-01-22
342,342,2025-07-14
343,343,2025-01-17
344,344,2025-09-19
345,345,2025-09-14
346,346,2025-08-08
347,347,2025-03-11
348,348,2025-09-29
349,349,2025-09-04
350,350,2025-07-16
351,351,2025-04-29
352,352,2025-07-02
353,353,2025-07-11
354,354,2025-07-07
355,355,2025-08-10
356,356,2025-02-02
357,357,2025-06-06
358,358,2025-06-07
359,359,2025-02-19
360,360,2025-01-10
361,361,2025-06-19
362,362,2025-09-13
363,363,2025-06-08
364,364,2025-02-05
365,365,2025-09-02
366,366,2025-08-27
367,367,2025-03-10
368,368,2025-06-17
369,369,2025-04-07
370,370,2025-07-03
371,371,2025-04-01
372,372,2025-01-06
373,373,2025-04-15
374,374,2025-02-27
375,375,2025-01-13
376,376,2025-05-14
377,377,2025-09-25
378,378,2025-06-26
379,379,2025-08-08
380,380,2025-07-20
381,381,2025-04-03
382,382,2025-08-10
383,383,2025-02-21
384,384,2025-01-30
385,385,2025-10-07
386,386,2025-03-23
387,387,2025-06-10
388,388,2025-04-20
389,389,2025-05-02
390,390,2025-09-15
391,391,2025-01-25
392,392,2025-07-12
393,393,2025-02-24
394,394,2025-01-31
395,395,2025-09-13
396,396,2025-08-16
397,397,2025-07-28
398,398,2025-09-06
399,399,2025-04-22
400,400,2025-01-13
401,401,2025-02-17
402,402,2025-08-16
403,403,2025-05-14
404,404,2025-03-29
405,405,2025-03-22
406,406,2025-03-30
407,407,2025-01-28
408,408,2025-02-08
409,409,2025-03-16
410,410,2025-05-08
411,411,2025-08-15
412,412,2025-02-26
413,413,2025-07-07
414,414,2025-02-15
415,415,2025-02-04
416,416,2025-05-25
417,417,2025-05-04
418,418,2025-02-05
419,419,2025-01-14
420,420,2025-06-10
421,421,2025-02-14
422,422,2025-03-19
423,423,2025-08-09
424,424,2025-03-27
425,425,2025-01-07
426,426,2025-02-03
427,427,2025-03-12
428,428,2025-09-04
429,429,2025-04-11
430,430,2025-09-01
431,431,2025-03-27
432,432,2025-04-08
433,433,2025-02-28
434,434,2025-03-13
435,435,2025-02-03
436,436,2025-05-07
437,437,2025-09-17
438,438,2025-03-05
439,439,2025-01-10
440,440,2025-03-18
441,441,2025-01-25
442,442,2025-04-26
443,443,2025-01-06
444,444,2025-04-02
445,445,2025-05-07
446,446,2025-03-17
447,447,2025-03-27
448,448,2025-03-03
449,449,2025-03-27
450,450,2025-04-29
451,451,2025-02-19
452,452,2025-06-09
453,453,2025-07-05
454,454,2025-05-03
455,455,2025-04-02
456,456,2025-09-25
457,457,2025-03-14
458,458,2025-03-16
459,459,2025-02-01
460,460,2025-06-03
461,461,2025-06-06
462,462,2025-04-16
463,463,2025-07-25
464,464,2025-09-27
465,465,2025-08-22
466,466,2025-07-28
467,467,2025-05-12
468,468,2025-03-01
469,469,2025-03-26
470,470,2025-03-31
471,471,2025-05-03
472,472,2025-04-10
473,473,2025-05-03
474,474,2025-04-04
475,475,2025-08-25
476,476,2025-07-20
477,477,2025-04-18
478,478,2025-01-24
479,479,2025-08-29
480,480,2025-05-06
481,481,2025-06-23
482,482,2025-01-01
483,483,2025-07-20
484,484,2025-04-06
485,485,2025-01-27
486,486,2025-09-29
487,487,2025-03-26
488,488,2025-08-14
489,489,2025-04-12
490,490,2025-06-22
491,491,2025-06-22
492,492,2025-05-19
493,493,2025-01-29
494,494,2025-07-13
495,495,2025-03-13
496,496,2025-07-12
497,497,2025-04-28
498,498,2025-09-01
499,499,2025-07-20
500,500,2025-09-20
501,501,2025-08-27
502,502,2025-09-19
503,503,2025-02-16
504,504,2025-02-28
505,505,2025-03-16
506,506,2025-04-21
507,507,2025-03-18
508,508,2025-07-08
509,509,2025-08-01
510,510,2025-04-12
511,511,2025-03-17
512,512,2025-01-23
513,513,2025-08-24
514,514,2025-03-05
515,515,2025-09-30
516,516,2025-07-30
517,517,2025-08-29
518,518,2025-01-21
519,519,2025-04-29
520,520,2025-04-22
521,521,2025-07-25
522,522,2025-03-30
523,523,2025-08-22
524,524,2025-01-14
525,525,2025-08-16
526,526,2025-06-16
527,527,2025-09-17
528,528,2025-01-17
529,529,2025-05-04
530,530,2025-01-16
531,531,2025-05-17
532,532,2025-02-25
533,533,2025-09-20
534,534,2025-05-30
535,535,2025-06-12
536,536,2025-06-14
537,537,2025-03-09
538,538,2025-04-12
539,539,2025-08-14
540,540,2025-06-15
541,541,2025-03-14
542,542,2025-01-18
543,543,2025-06-28
544,544,2025-05-11
545,545,2025-10-05
546,546,2025-05-31
547,547,2025-04-21
548,548,2025-07-14
549,549,2025-07-17
550,550,2025-04-19
551,551,2025-04-19
552,552,2025-01-05
553,553,2025-05-14
554,554,2025-09-04
555,555,2025-05-08
556,556,2025-08-20
557,557,2025-05-21
558,558,2025-07-20
559,559,2025-01-14
560,560,2025-04-11
561,561,2025-05-06
562,562,2025-02-03
563,563,2025-02-26
564,564,2025-01-31
565,565,2025-10-07
566,566,2025-07-29
567,567,2025-04-17
568,568,2025-09-28
569,569,2025-03-12
570,570,2025-07-04
571,571,2025-10-01
572,572,2025-06-20
573,573,2025-01-25
574,574,2025-01-22
575,575,2025-09-23
576,576,2025-10-07
577,577,2025-08-25
578,578,2025-09-26
579,579,2025-07-14
580,580,2025-06-15
581,581,2025-06-15
582,582,2025-04-12
583,583,2025-04-28
584,584,2025-01-22
585,585,2025-03-15
586,586,2025-01-05
587,587,2025-05-06
588,588,2025-08-05
589,589,2025-02-12
590,590,2025-04-28
591,591,2025-02-20
592,592,2025-02-12
593,593,2025-04-28
594,594,2025-07-23
595,595,2025-03-16
596,596,2025-09-20
597,597,2025-07-06
598,598,2025-07-25
599,599,2025-07-29
600,600,2025-01-31
601,601,2025-10-09
602,602,2025-09-23
603,603,2025-09-02
604,604,2025-07-28
605,605,2025-05-10
606,606,2025-09-23
607,607,2025-08-01
608,608,2025-07-06
609,609,2025-06-07
610,610,2025-04-07
611,611,2025-06-18
612,612,2025-05-27
613,613,2025-06-22
614,614,2025-04-28
615,615,2025-07-24
616,616,2025-06-25
617,617,2025-03-29
618,618,2025-09-12
619,619,2025-03-18
620,620,2025-07-26
621,621,2025-06-16
622,622,2025-04-30
623,623,2025-03-26
624,624,2025-04-02
625,625,2025-01-22
626,626,2025-06-24
627,627,2025-07-26
628,628,2025-01-04
629,629,2025-08-11
630,630,2025-01-17
631,631,2025-01-20
632,632,2025-10-08
633,633,2025-07-23
634,634,2025-02-18
635,635,2025-04-20
636,636,2025-03-18
637,637,2025-07-28
638,638,2025-04-14
639,639,2025-01-04
640,640,2025-07-04
641,641,2025-06-29
642,642,2025-08-10
643,643,2025-09-19
644,644,2025-06-16
645,645,2025-01-19
646,646,2025-03-19
647,647,2025-05-29
648,648,2025-07-23
649,649,2025-03-27
650,650,2025-06-14
651,651,2025-04-25
652,652,2025-02-19
653,653,2025-09-13
654,654,2025-06-14
655,655,2025-09-25
656,656,2025-09-30
657,657,2025-06-14
658,658,2025-06-23
659,659,2025-05-03
660,660,2025-01-20
661,661,2025-05-19
662,662,2025-06-08
663,663,2025-10-08
664,664,2025-06-05
665,665,2025-04-17
666,666,2025-08-05
667,667,2025-06-06
668,668,2025-09-06
669,669,2025-05-30
670,670,2025-05-11
671,671,2025-01-24
672,672,2025-05-09
673,673,2025-10-04
674,674,2025-08-29
675,675,2025-06-04
676,676,2025-01-02
677,677,2025-01-19
678,678,2025-01-08
679,679,2025-04-14
680,680,2025-07-27
681,681,2025-09-18
682,682,2025-05-07
683,683,2025-09-04
684,684,2025-07-27
685,685,2025-06-06
686,686,2025-02-25
687,687,2025-07-17
688,688,2025-07-13
689,689,2025-06-05
690,690,2025-07-28
691,691,2025-08-23
692,692,2025-01-13
693,693,2025-03-11
694,694,2025-09-11
695,695,2025-09-29
696,696,2025-01-29
697,697,2025-09-27
698,698,2025-04-18
699,699,2025-08-26
700,700,2025-02-11
701,701,2025-03-10
702,702,2025-10-04
703,703,2025-05-28
704,704,2025-08-07
705,705,2025-01-02
706,706,2025-07-24
707,707,2025-09-10
708,708,2025-09-12
709,709,2025-07-04
710,710,2025-03-28
711,711,2025-07-05
712,712,2025-03-19
713,713,2025-02-20
714,714,2025-07-11
715,715,2025-06-27
716,716,2025-01-02
717,717,2025-02-27
718,718,2025-09-05
719,719,2025-05-03
720,720,2025-08-02
721,721,2025-09-25
722,722,2025-03-09
723,723,2025-06-30
724,724,2025-02-19
725,725,2025-02-22
726,726,2025-08-17
727,727,2025-10-06
728,728,2025-06-08
729,729,2025-02-17
730,730,2025-06-14
731,731,2025-06-05
732,732,2025-04-19
733,733,2025-05-08
734,734,2025-07-08
735,735,2025-05-31
736,736,2025-05-05
737,737,2025-06-21
738,738,2025-04-29
739,739,2025-05-02
740,740,2025-06-24
741,741,2025-03-22
742,742,2025-08-07
743,743,2025-01-04
744,744,2025-08-04
745,745,2025-08-01
746,746,2025-10-07
747,747,2025-07-25
748,748,2025-03-06
749,749,2025-02-26
750,750,2025-03-20
751,751,2025-04-08
752,752,2025-09-16
753,753,2025-06-12
754,754,2025-01-02
755,755,2025-04-23
756,756,2025-04-27
757,757,2025-01-21
758,758,2025-05-29
759,759,2025-09-15
760,760,2025-06-06
761,761,2025-03-16
762,762,2025-01-05
763,763,2025-02-22
764,764,2025-08-06
765,765,2025-07-22
766,766,2025-07-06
767,767,2025-07-09
768,768,2025-02-26
769,769,2025-05-05
770,770,2025-06-24
771,771,2025-09-12
772,772,2025-05-31
773,773,2025-06-29
774,774,2025-02-22
775,775,2025-02-02
776,776,2025-06-19
777,777,2025-04-20
778,778,2025-08-25
779,779,2025-05-03
780,780,2025-08-24
781,781,2025-04-07
782,782,2025-07-15
783,783,2025-06-02
784,784,2025-04-06
785,785,2025-09-26
786,786,2025-07-25
787,787,2025-10-01
788,788,2025-07-04
789,789,2025-09-25
790,790,2025-03-17
791,791,2025-09-26
792,792,2025-07-31
793,793,2025-06-06
794,794,2025-04-30
795,795,2025-06-20
796,796,2025-04-11
797,797,2025-03-21
798,798,2025-05-29
799,799,2025-07-15
800,800,2025-03-26
801,801,2025-02-27
802,802,2025-06-29
803,803,2025-09-20
804,804,2025-05-21
805,805,2025-08-20
806,806,2025-04-28
807,807,2025-04-01
808,808,2025-06-12
809,809,2025-06-21
810,810,2025-07-07
811,811,2025-06-18
812,812,2025-01-02
813,813,2025-02-21
814,814,2025-07-28
815,815,2025-01-08
816,816,2025-09-01
817,817,2025-08-09
818,818,2025-08-29
819,819,2025-08-09
820,820,2025-08-29
821,821,2025-07-10
822,822,2025-08-22
823,823,2025-05-08
824,824,2025-08-11
825,825,2025-09-30
826,826,2025-07-27
827,827,2025-07-18
828,828,2025-09-14
829,829,2025-04-22
830,830,2025-04-01
831,831,2025-06-23
832,832,2025-05-01
833,833,2025-08-20
834,834,2025-05-10
835,835,2025-03-02
836,836,2025-05-30
837,837,2025-04-02
838,838,2025-08-24
839,839,2025-03-27
840,840,2025-10-07
841,841,2025-08-08
842,842,2025-05-13
843,843,2025-08-19
844,844,2025-05-20
845,845,2025-06-19
846,846,2025-02-11
847,847,2025-04-28
848,848,2025-07-24
849,849,2025-02-26
850,850,2025-06-25
851,851,2025-05-15
852,852,2025-04-24
853,853,2025-01-30
854,854,2025-10-04
855,855,2025-08-03
856,856,2025-04-28
857,857,2025-03-06
858,858,2025-08-31
859,859,2025-09-26
860,860,2025-02-24
861,861,2025-02-09
862,862,2025-04-05
863,863,2025-03-13
864,864,2025-05-14
865,865,2025-05-23
866,866,2025-05-21
867,867,2025-08-06
868,868,2025-04-20
869,869,2025-02-17
870,870,2025-06-26
871,871,2025-05-16
872,872,2025-06-30
873,873,2025-02-16
874,874,2025-03-26
875,875,2025-03-18
876,876,2025-07-30
877,877,2025-04-21
878,878,2024-01-24
879,879,2025-09-09
880,880,2024-10-09
881,881,2025-01-29
882,882,2024-08-05
883,883,2025-02-14
884,884,2024-06-11
885,885,2024-05-17
886,886,2024-02-15
887,887,2025-03-24
888,888,2024-07-08
889,889,2025-09-27
890,890,2025-05-02
891,891,2025-08-18
892,892,2024-11-18
893,893,2024-09-17
894,894,2024-02-27
895,895,2025-08-16
896,896,2024-08-12
897,897,2025-01-11
898,898,2025-02-18
899,899,2024-06-11
900,900,2024-03-31
901,901,2024-02-25
902,902,2025-08-30
903,903,2025-03-14
904,904,2024-11-11
905,905,2024-02-22
906,906,2024-10-26
907,907,2024-02-07
908,908,2025-04-19
909,909,2024-07-17
910,910,2024-02-16
911,911,2025-02-07
912,912,2024-02-25
913,913,2025-09-17
914,914,2024-06-08
915,915,2024-09-16
916,916,2025-04-07
917,917,2025-03-08
918,918,2024-12-01
919,919,2025-01-05
920,920,2024-11-27
921,921,2025-08-07
922,922,2024-09-03
